jakeallenbrunn,
eriverar35,
frida_vitis,
fuori.dai.cliche,
imanibarathii,
perpetualself,
tie.media,
redeftadventures,
leahbeck,
thypanda,
_tony_py_fitness,
chefslab_california,
eckhardt_kuhn,
climbing_gym_cafe,
expressles,
jeong._.soo,
bjrclimbing,
pbrimagesoz,
isaac_passwater,
nickoleep,
ausfirefighter,
canmoreboulderingcave,
ibraheeeeem_,
elmarvn,
dave_outside,
braydenwadethomas,
mandarose1128,
the_travel_pundit,
backpackerbeginning,
illauddin_naziruddin,
khosasarbjeet,
sidharth.singh,
handsinthesky,
heidiemulder,
j_trvlr,
casaux_glaire,
jtpt_justtrain,
sanem66,
bethanymccamish,
therandomlife.jf,
juanmarivelasasoian,
antoine_forey,
forsterphotos,
quigrimpe,
hikeandclimb.ie,
liamsimpsn,
broke_bad,
shib26,
zerodpiu,
stasbeskin,
moototherice,
noisycricket,
yaufaio_o,
hananj912,
polesandproblems,
jennyxinyi,
alicecsun,
hand.pictures,
robertomoraschi,
shannon_sopha,
julies_midlife_adventures,
cwtree,
mrtost,
svenceustermans,
alliehalla,
res_dm,
08gekeka,
lukek48,
bunk1974,
mikepoynton,
bartektunia,
trailrunner_rota,
inaschlesi,
angelafajardofotografia,
lelllieee,
the.oxylus,
dani_strat,
monkeesclimb,
gozonia,
michael.rinne,
butora_uk,
tgosselin1_,
maxharmanclimbs,
ark_saiz,
jusextrafeed,
melanieonthehills,
pxa49,
out_and_wack,
see.ph,
alishawanders,
rmbillings,
adventureclimb,
travelers_ms,
chefrowley2612,
tombix45,
neues_leben_by_steffi,
lamarie_k,
meet.the.toms,
kodypruitt3,
a5ha,
mortenranners,
gs.personaltrainer,
africandirk,
ericarocks.jpg,
sawyerbullock,
sweet.olive.leigh,
daylight.stories,
sevaless,
honia.magierska,
daisygeorginapotter,
sometimes_the_same,
elmago_traveller,
sternthaldaniel,
anthea94_,
benjaminatkins,
lostwithlolo,
bdubs_outdoorsaddict,
_viavii,
saki_tnm,
lipseymediaconsulting,
maekimphotography,
climbamt,
hrh707,
eduardode.sousa,
admanbellomy,
cairncolorado,
robertthered12,
dawnofthedave,
onsomemountainoranother,
blair.bare,
awefulll,
anshh.rajput,
cyprusultra,
white.moth,
veer10_,
suyentommasi_ph,
gerard_estrany,
fededoblev,
nakatchian,
mingpic_,
moira.roadhouse.photography,
reverendsteveg,
m.a.r.e.n_m,
konstantin_kaupp,
thoughtsonclimbing,
jfit_18,
kate_c1e,
_ascender,
facts_sauce,
mountain.somm,
plantpoweredpete,
trailsportoutdoor,
ultrarunman.pl,
sentiero_sisters,
padstar_holds,
betaground,
artee_photography,
nostudioxl,
elt.roy,
running_lijn,
julesnkc42,
clarice.gwyneth,
distancefromthemoon,
fabhappyart,
ganja_guard,
nsprints,
ksunfedorova,
melodieshandmade,
fannyadamsvintage,
layneysjewels,
twodoorsdownboutiquega,
sybyabraham,
nova_skinz,
ari_deal,
livewiredelectro,
tejoslaw,
solinskak,
